{"_EMA_ALPHA": 0.2, "_n_calls_of_intensify": 21, "ta_runs": 2535, "inc_changed": 3, "n_configs": 580, "_n_configs_per_intensify": 580, "wallclock_time_used": 14440.168133020401, "_ema_n_configs_per_intensifiy": 28.748719424320637, "ta_time_used": 6083.236000000009}