{"wallclock_time_used": 14400.076504707336, "_EMA_ALPHA": 0.2, "inc_changed": 5, "_n_calls_of_intensify": 20, "_n_configs_per_intensify": 673, "ta_time_used": 6508.411999999996, "n_configs": 677, "_ema_n_configs_per_intensifiy": 38.78993804447581, "ta_runs": 2939}