{"n_configs": 209, "_n_configs_per_intensify": 209, "_EMA_ALPHA": 0.2, "_n_calls_of_intensify": 21, "inc_changed": 3, "wallclock_time_used": 14515.996850252151, "ta_runs": 847, "_ema_n_configs_per_intensifiy": 15.464059960333177, "ta_time_used": 8428.459999999997}