{"ta_runs": 2749, "_EMA_ALPHA": 0.2, "wallclock_time_used": 14402.400720834732, "_n_configs_per_intensify": 712, "_n_calls_of_intensify": 24, "ta_time_used": 5867.348000000009, "n_configs": 741, "_ema_n_configs_per_intensifiy": 36.42284681737024, "inc_changed": 4}